path	git_commit
build	8acb33ac8dceef0503443109c0a92988189563ef
buildtools	17495e454aae81b581e8b3caccbb53054509b280
third_party/abseil-cpp	d16e32215c3ab90ba57c2e904a5344d85c7353e4
third_party/dragonbox/src	beeeef91cf6fef89a4d4ba5e95d47ca64ccb3a44
third_party/fast_float/src	05087a303dad9c98768b33c829d398223a649bc6
third_party/fp16/src	3d2de1816307bac63c16a297e8c4dc501b4076df
third_party/highway/src	2607d3b5b0113992fe84d3848859eae13b3b52c1
third_party/icu	ee5f27adc28bd3f15b2c293f726d14d2e336cbd5
third_party/jinja2	c3027d884967773057bf74b957e3fea87e5df4d7
third_party/libc++/src	5abc7f839700f0f17338434e1c1c6a8c87c00c11
third_party/libc++abi/src	8f11bb1d4438d0239d0dfc1bd9456a9f31629dda
third_party/libunwind/src	d6c7a21e978f0adaa43accaad53bc64f0b64f6ec
third_party/llvm-libc/src	9309c117ebae84dd2f9df1ef99de4782162527d5
third_party/markupsafe	4256084ae14175d38a3ff7d739dca83ae49ccec6
third_party/partition_alloc	ff3b8b885b8374cbd3902642d94dc737bda93d5d
third_party/rust	26e8ff47f18a8d28d6187a04b6a16cb7332356f8
third_party/simdutf	f7356eed293f8208c40b3c1b344a50bd70971983
tools/clang	45f4b9e25124809497a27a8ae0e63d603b0f9f1b
tools/win	faefd1b6fa9eeb033ad6fe60368ccb9bf908cbd0
v8	ac1e23989121713ca642f6650b34deff7b686896
